682488428,France Stanley,37 Tarantino Street,0593686674,34393,02-153-6060,Surveyor,france.stanley@floorgraphics.a
424428722,Demi Margolyes,30 Athens Road,0593537404,88820,78-590-1770,Supervisor,d.margolyes@techbooks.uk
492083823,Peter Evans,40 Horsham Road,0585982132,135177,26-813-5897,Architect,peter.evans@yes.nl
661579102,Vendetta Anderson,3 Pierce Street,0588061039,82702,41-303-3128,Construction Foreman,vendetta.anderson@credopetrole
420676691,Elijah Kweller,728 Columbia Road,0530118935,135388,12-320-9753,Supervisor,elijah.k@smartdrawcom.uk
825619589,Vendetta Cornell,23rd Street,0536938686,36548,09-424-0046,Project Manager,vendetta.cornell@techbooks.com
272494951,Renee Brody,26 Firenze Road,0584170479,100053,82-422-6367,Project Manager,renee.brody@ams.de
975286099,Bryan Black,65 Beck,0523139128,16058,37-779-6402,Construction Expedit,bblack@alternativetechnology.c
782309922,Colin Himmelman,50 Bellevue Road,0516666431,60223,36-893-5058,Supervisor,colin.h@intel.jp
447475653,Adrien Bachman,1 Derringer Road,0519187186,107539,85-281-5915,Subcontractor,adrien@kmart.com
242742117,Brad Harmon,47 Scorsese Drive,0586250708,149845,59-219-1439,Project Manager,brad.harmon@columbiabancorp.de
478264648,Sheryl Allison,51 Parker Blvd,0534600665,28305,22-233-0476,Supervisor,sheryl@mls.com
181589738,Zooey Arquette,93 Corona Road,0534141176,57319,21-406-9236,Electrician,zooey.arquette@saralee.jp
311812506,Casey Cantrell,11 DiFranco Road,0561533687,102627,67-550-9433,Construction Worker,casey.c@sensortechnologies.ch
167479605,Stellan Arkin,195 Glendale,0595417461,84991,17-852-5183,Engineer,stellan@thinktanksystems.com
152626579,Scarlett Dickinson,3 Owen Street,0534411510,14377,66-057-7578,Construction Worker,scarlett@cynergydata.uk
437220106,Kasey Conlee,10 Huntington Beach Blvd,0576808726,55079,71-410-3391,Construction Foreman,kaseyc@bis.com
794572877,Taryn Hyde,79 Costello Street,0528326040,40181,15-557-1657,Electrician,taryn@softworld.es
364865809,Emma Finney,92nd Street,0507355178,68898,53-699-4261,Project Manager,e.finney@dsp.be
436613635,Allison Nicks,25 Gwyneth Street,0514709103,143338,21-725-0452,Construction Manager,allison.n@trainersoft.com
548170364,Thelma Buffalo,28 Cochran Street,0581687704,116121,06-459-3581,Subcontractor,thelma.buffalo@activeservices.
375049271,Robbie Posey,13 Colombes Road,0514790205,70905,33-862-8204,Project Manager,r.posey@diamondtechnologies.co
167499704,Mike Sobieski,819 Harrison Street,0571502882,60460,94-168-6863,Construction Manager,mike.sobieski@americanmegacom.
929820703,Will Weisberg,76 O'Sullivan Blvd,0508083495,76327,08-096-9936,Surveyor,will.weisberg@peerlessmanufact
788685237,Jude Yankovic,389 Flower mound Street,0545604443,61318,18-862-4887,Electrician,jude.yankovic@voicelog.si
194568484,Val Lange,15 Sandoval Drive,0599993304,65868,49-380-5617,Architect,val.lange@pra.com
824167728,Joshua Flanagan,20 Samantha Road,0543313592,23892,77-584-2350,Electrician,joshua.flanagan@mqsoftware.li
934123585,Joey Jane,360 Rosas Ave,0563558075,87855,14-625-4536,Construction Manager,jjane@gltg.jp
904952729,Franco Weller,983 Garry Street,0517540627,35042,93-944-7730,Project Manager,franco@evinco.com
141185465,Olga Bonham,46 Burlington Street,0587403361,121646,24-461-8332,Subcontractor,olga.bonham@dvdt.jp
205605735,Gil Lloyd,73 Weiland Road,0584193614,149875,64-690-6386,Estimator,gil.lloyd@fsffinancial.ch
508403262,Johnny Broza,32nd Street,0547916678,50024,30-320-5183,Electrician,j.broza@universalsolutions.com
876828519,Judi Stallone,43 Padova Drive,0524510260,50663,99-079-3836,Surveyor,judi@deutschetelekom.de
939012754,Rupert Carnes,747 Colleen Street,0576438880,29206,19-571-7158,Engineer,rupert.carnes@totalentertainme
213752823,Candice Arjona,21 Emily Ave,0554927871,63696,24-628-4189,Construction Worker,candice.arjona@mms.au
381679864,Bobbi Hayes,740 Fonda Street,0569407189,146729,48-955-9371,Construction Worker,bobbi.hayes@doraldentalusa.jp
549115684,Jane Miller,542 Mac,0552467608,57631,19-273-9467,Estimator,jane@accesssystems.de
242512695,Seth English,899 George Street,0507429047,33967,98-482-2197,Surveyor,sethe@stiknowledge.ca
466951690,Daniel Smith,51st Street,0567543957,112609,15-772-6217,Supervisor,daniel.s@bioreference.com
374962500,Red Robards,84 McDiarmid,0504535613,10445,93-284-8747,Estimator,red.robards@terrafirma.com
867816060,Lydia Feore,36 Sorvino Ave,0562601417,123009,28-822-0803,Subcontractor,lydia.feore@bayer.de
133070595,Lizzy Feliciano,43 Quinlan Road,0534414478,139786,84-662-9898,Estimator,lizzy.feliciano@qas.it
442733551,Terry Carlisle,603 Harris Blvd,0583901821,27532,23-389-3376,Project Manager,terry.carlisle@angieslist.uk
290168269,Chrissie Hersh,689 Caguas,0568782732,73804,45-056-3315,Construction Manager,chrissie.hersh@trafficmanageme
289822575,Chad Carnes,42nd Street,0572819506,47387,33-987-6798,Construction Worker,chad.c@prp.com
482641440,Gran Swayze,77 Goran Road,0587318576,63501,04-181-3134,Electrician,gran.s@boldtechsystems.com
599283972,Toni Hamilton,33 Sheen Road,0586316341,38616,99-089-1095,Architect,toni@linacsystems.yu
157628147,Beverley Yulin,78 Frankie Road,0575438522,68186,80-642-2247,Construction Worker,beverley.yulin@career.com
193245469,Elvis Ponce,27 Fats,0543281734,106812,80-460-4523,Construction Manager,elvis.ponce@fiberlink.jp
174555664,Armand Hartnett,88 Martin,0556933282,110594,13-162-5400,Subcontractor,a.hartnett@safehomesecurity.ch
928321429,Famke Fiorentino,12 Mazar Drive,0598629241,133227,59-247-2248,Electrician,famke.fiorentino@kmart.jp
540381320,Madeleine Bergen,10 Walken Drive,0593867600,49061,12-873-0426,Engineer,madeleineb@johnson.com
461302434,Spike Rush,8 Mitchell Ave,0521210004,58022,25-958-2612,Electrician,spike.rush@trusecure.cr
984907020,Patti Clinton,29 Terrasa Street,0572153679,99895,09-795-6266,Engineer,patti@sensortechnologies.jp
692063529,Gwyneth Savage,362 Rowan Street,0556221599,37846,15-558-5983,Subcontractor,gwyneth.savage@generalmills.jp
357387081,Vanessa Jeffreys,261 Vienna Street,0546163030,86779,37-452-9049,Construction Foreman,vanessa@curagroup.de
272628715,Alannah Spacey,100 Ricci Street,0547553502,107950,85-917-6763,Construction Foreman,alannah.spacey@lydiantrust.uk
462423599,Grace Trevino,57 Springfield Road,0544335336,102704,68-937-1800,Engineer,grace.trevino@nhhc.com
646612513,Orlando Linney,34 Edwin Street,0542524775,90345,25-625-8918,Construction Manager,orlando.linney@asa.de
893538157,Temuera Rickles,646 San Mateo Road,0586131228,107275,96-068-2650,Architect,temuera.rickles@medamicus.uk
827706241,Andrew Mewes,27 Caan,0548002490,144711,24-112-2430,Estimator,andrew.mewes@air.com
221573011,Domingo Ponty,65 Mint Street,0534152842,140533,56-649-7028,Construction Worker,d.ponty@sears.it
940046023,Roberta Sedaka,16 Crow Road,0503491621,58954,19-279-4528,Subcontractor,rsedaka@amerisourcefunding.jp
157970965,Jeremy Thompson,48 Beckinsale Ave,0557014622,133285,81-962-4795,Construction Manager,jeremy.thompson@genghisgrill.c
858776225,Dabney Affleck,34 Pony Street,0587732288,40537,21-872-6789,Construction Worker,dabney.affleck@newmedia.com
369589351,Uma Winger,25 Ike Ave,0581449844,148499,95-149-0597,Supervisor,u.winger@parksite.com
756331776,Jon Garner,17 Krieger Road,0558988808,38116,76-129-0673,Supervisor,jon.g@educationaldevelopment.c
205820636,Wallace Humphrey,92 Protvino Blvd,0578131969,91973,89-681-7569,Engineer,whumphrey@tastefullysimple.com
707697160,Powers Saxon,21 Macau Blvd,0599504088,126904,22-220-1837,Project Manager,powers.saxon@ceo.se
182360060,Judge Reiner,76 Donal Drive,0540880886,103271,33-468-7362,Construction Foreman,judger@grt.uk
877722373,Alan Caldwell,14 Bruce Blvd,0588649883,77842,84-476-3817,Construction Expedit,alan@ogi.com
867763393,Petula Hartnett,49 Alfred Ave,0583463006,129361,60-121-3700,Surveyor,phartnett@ubp.com
389405778,Rhona Aiken,53rd Street,0538796679,27668,36-174-0205,Architect,rhona.a@hudsonriverbancorp.de
793396322,Meredith Pitt,68 Laredo Road,0541521543,82924,95-989-3856,Supervisor,meredith.pitt@smartronix.nz
986359126,Tal Tyson,41 Udo Drive,0598805715,74139,15-410-2463,Subcontractor,tal@ecopy.com
129948619,Phil Sanchez,90 Lofgren Street,0526555818,131343,58-002-3797,Engineer,phil.sanchez@tropicaloasis.be
349352953,Vondie Haynes,123 Garfunkel Road,0566070087,125546,12-140-7361,Subcontractor,vondie.haynes@astute.com
189851345,Delbert Ojeda,4 Ashdod Street,0501684538,67162,33-933-8876,Construction Worker,dojeda@mindworks.za
345044765,William Loeb,81 Hewett Drive,0571960209,72142,19-769-1448,Construction Expedit,william@firstsouthbancorp.in
419963007,Gin Madonna,99 Kitty Ave,0574472916,17222,29-385-3803,Engineer,gin.madonna@alternativetechnol
757682214,Paula Gill,620 Reynolds Road,0537675479,147163,48-162-5738,Supervisor,paula.gill@lydiantrust.nl
311974054,Cole Rossellini,82nd Street,0572890432,56964,15-407-4995,Subcontractor,cole.rossellini@healthscribe.m
865751896,Davey Thomas,22nd Street,0579527375,96518,20-492-4634,Engineer,davey.thomas@sensortechnologie
445210769,Lucy Price,41 Chrissie Road,0525037209,36112,87-295-9765,Subcontractor,lprice@dvdt.com
436946956,Colin Fox,90 Cyndi Street,0597083627,29160,67-003-9034,Supervisor,colin.f@virbac.se
346307332,Juliet Short,51st Street,0547109420,118726,30-531-7197,Surveyor,jshort@consultants.be
160305733,Aaron Adkins,91st Street,0585819865,11780,27-240-3883,Construction Manager,aaron@entelligence.uk
356590810,Natascha Stewart,40 Fairbanks,0539368236,99536,10-601-9615,Subcontractor,natascha.stewart@mag.com
683085577,Adina Quinn,39 Rita Drive,0517062609,71792,59-349-4886,Surveyor,adina.quinn@wav.ch
555074566,Javon McElhone,97 Favreau Street,0509703810,126220,90-069-0307,Construction Expedit,j.mcelhone@bis.com
550772572,Tramaine DeVito,61st Street,0585049176,41606,44-855-6569,Supervisor,tramaine@tracertechnologies.co
317650189,Janeane Ingram,759 Berry Drive,0559272661,44389,10-525-4260,Supervisor,janeane@mms.com
975583959,Toni Hopkins,96 Bassett Street,0551903971,47074,07-023-6236,Construction Worker,t.hopkins@hcoa.jp
977518255,Jack Robinson,42nd Street,0556788726,39523,84-790-7086,Electrician,jrobinson@scooterstore.fr
135033462,Loren Morton,84 Sweeney Drive,0595878395,132050,48-733-3856,Estimator,loren.morton@signature.com
788742192,Lea Thompson,630 Arlington Street,0599362721,52363,34-101-9247,Estimator,lea.t@tlsservicebureau.com
238846702,Brent Furay,49 Coquitlam,0522687668,49632,26-356-6677,Subcontractor,brent.furay@perfectorder.de
212646074,Joan Rizzo,16 Assante Street,0542155164,142355,85-591-2847,Construction Foreman,joan.rizzo@mwp.jp
766824196,Ricardo Silverman,100 Kattan Blvd,0567380494,11966,15-645-6227,Electrician,ricardo.silverman@sbc.com
341900812,Deborah Hagerty,985 Vilnius Drive,0575374642,22675,15-302-4667,Engineer,d.hagerty@ogiointernational.jp
218216379,Maura Feore,416 Baldwin Road,0502264807,447154,28617,YhlVNaxdVT,maura.feore@knightsbridge.fr
236730533,Salma Ryan,78 Athens Road,0527100293,176313,45805,sxoLbNxPWD,salma@ogi.com
202307732,Geggy Brando,590 Coltrane Street,0554023861,60438,59270,bAFYPQfEMk,geggy.brando@egroup.br
724144130,Halle Mac,30 Raybon Ave,0539390190,470439,86916,hHsORGobPy,hallem@consultants.ar
681442361,Suzy O'Hara,475 Emmett Road,0563914851,175826,81746,XGItLwrRNN,suzy.o@3tsystems.tw
952293442,Tim Prinze,19 Underwood Drive,0586176999,88408,37578,tNIroJONFk,tprinze@smg.ar
381780111,Colleen Clayton,89 Brody Blvd,0554089415,373675,21774,SXvHDozzaq,colleen.clayton@escalade.br
192820959,Madeline Patillo,90 Vanderbijlpark,0542742885,523453,63012,WBeBMiWQMM,madelinep@onesourceprinting.co
675379355,Crystal Hawkins,23 Raleigh Drive,0528282862,415809,8580,PEYZrOhJTr,crystal@marketfirst.uk
898857438,Carlene Kenoly,45 Shawn Road,0557276626,269595,18611,AFyZRQKPCE,c.kenoly@jlphor.com
328549626,Benicio Sutherland,9 Gray Drive,0536404139,226949,78440,LTpZFLbrtT,b.sutherland@hcoa.com
586539435,Sylvester Sarsgaard,30 Edwin Street,0525837865,312691,25177,uHIqvYwKlE,sylvester.sarsgaard@bluffcitys
419873491,George Huston,66 Geneva Drive,0589770488,394192,37136,NruanVbhuK,george.huston@medamicus.si
162729695,Marina LaBelle,19 Trejo Street,0574878602,137304,3146,FPWYvDfeji,m.labelle@gateway.com
338639303,Davis Pastore,62 Weller,0578983221,525564,27250,YTwXHjWRGh,davis.pastore@wlt.com
479421847,Hazel Emmett,42 Arden Drive,0516264936,198366,63793,sZxduioCIA,hazel.e@teamstudio.com
739876462,Dick Lizzy,780 Katt Street,0594006021,204119,22070,hEiYYxzmYO,dick.lizzy@integramedamerica.a
630960623,Bernie Costner,41 Joely Road,0555400463,528913,95691,vBSzhvhHdb,bernie@oss.com
456449549,Bridgette Graham,26 Strathairn Ave,0534679994,121086,60758,xPbTvkHHPI,bridgette.graham@sht.de
796242843,Ronny Slater,91 Chalee,0527764414,360278,95854,sNtpbVEDCF,ronnys@coridiantechnologies.dk
513760778,Gailard Rydell,19 Statham Street,0569009413,169302,52099,darMIiJyWo,gailard.rydell@portosan.at
483477704,Mena Spacek,52 Abraham Ave,0559725325,83544,16260,ekDqaRZZLM,mena.spacek@neogen.ch
824755416,Dianne Gagnon,88 Crystal Ave,0502683709,186274,99788,vKLlCoIZMD,dianne.gagnon@escalade.br
348061845,Jason Reilly,13 Monterey Blvd,0563361317,119774,29141,bRaRgZGdOp,jason.reilly@fra.de
437087080,Rosco Gertner,22 Highlands Ranch Drive,0559800146,92002,84275,RoCoCOzFzC,rosco.g@medsource.jp
218645039,Tea Del Toro,79 McPherson Blvd,0596628916,357487,37956,GBwnJXHvVN,tea.deltoro@caliber.de
129224522,Murray Waits,106 Law Road,0544713725,68187,44649,DnydvsofYG,m.waits@sht.cn
307065580,Nina Blossoms,58 Blige Blvd,0534514304,496850,65426,vWTyjPSdut,nina.blossoms@spas.uk
612966954,Rita Mac,58 Hawthorne Street,0501969056,317519,45023,GgeugMAYSd,rmac@trafficmanagement.jp
396084735,Martin Simpson,51 LaSalle Street,0506621386,143223,74814,pKubUzhACc,martin.simpson@glaxosmithkline
533552843,Ali Bancroft,70 Singletary Drive,0508500670,173478,71962,kWQxnigGaM,abancroft@idas.br
310179789,Eric Rickman,509 Damon Road,0565027144,77604,82963,LUsMZrTgNs,eric.rickman@terrafirma.cy
775426715,Queen Quinn,35 Campbell Drive,0507187590,198059,78513,QkuLHHNucm,queen.quinn@americanhealthways
360018811,Sam Waits,56 Romijn-Stamos Street,0544942276,399576,13857,kdOFuBUTOc,sam.waits@atxforms.fr
712245735,William Shocked,93rd Street,0530223180,419247,3116,BtJNgAsmOF,william.shocked@ssci.au
590370063,Taye McKennitt,74 Ashley Drive,0563907428,204431,81273,EcGmwxaRqY,taye@naturescure.com
372029675,Marlon Lapointe,5 Tempest Street,0594063514,280125,87993,opWHRLCUnM,marlon.lapointe@maverick.fr
788814968,Ritchie Rosas,77 Maceo Drive,0570007635,523165,8832,wAwpmJaYgy,ritchie.rosas@ctg.de
619430417,Crystal Leoni,21 Hornsby Road,0535248138,45421,86625,MoFwbkHAoB,crystal.leoni@freedommedical.c
790330864,Lee Raybon,69 Perry Street,0535827177,265343,63764,TqflIiUbdL,lraybon@quakercitybancorp.com
810177942,Horace Banderas,13rd Street,0570205078,387401,22595,XXOXhtpOZF,horace.banderas@ungertechnolog
473334872,Jonny Lee Goodman,69 Waite Park Blvd,0564918497,331323,97659,DnWynKlbdy,jonnylee.goodman@prp.com
531685616,Angie Delta,69 Burt Drive,0500752616,470720,73162,ipAcCoTDOZ,a.delta@vivendiuniversal.hk
920916017,Clint Stowe,10 Willie,0559735771,239317,62648,uYbnUtVbpo,clint.s@execuscribe.com
845663068,Art Brooke,20 Mandy Street,0579999562,15323,48793,BEZCsFYPMT,art.brooke@sunstream.jp
802693341,Manu Thorton,48 Underwood Street,0584807835,514126,41731,FFsShjBanj,manut@adolph.uk
214941375,Rory Mifune,64 Stellan Road,0589476904,489412,38285,HtoVfpGBss,rory.mifune@enterprise.com
752121018,Mia Leary,887 Aurora Street,0507461992,354472,82657,nXXgLIbmcV,mia.leary@bigyanksports.com
278768364,Chaka Craven,2 Melrose park Ave,0572133672,490439,98193,KiJWQaLhPB,chaka.craven@johnson.de
934554363,Shelby Almond,984 Cypress Ave,0581446999,352286,43708,OanKMaZClq,shelby@mainstreetbanks.ca
705344711,Grace Dzundza,80 Red Road,0573487184,191157,82461,kCoGhHCBXe,grace.dzundza@ivorysystems.de
407556468,Victoria Gary,92nd Street,0561074633,105672,78609,JtxAjwveEc,victoria.gary@peerlessmanufact
468450266,Dianne Mahood,252 Woodard Drive,0572636701,464951,34587,VZzyOzkUMm,dianne.mahood@newmedia.com
934169687,Danny O'Sullivan,39 Kay Road,0566800254,78573,74710,vaNOIEjkuk,danny.o@americanvanguard.es
432317321,Cherry Camp,76 Pasadena Street,0524643556,335403,32009,CGzBcXwmwz,c.camp@scooterstore.com
649286448,Ronnie Pullman,41 Amherst Road,0595735835,495283,50829,DzEEqGevYc,ronniep@avs.com
706497321,Ray Caan,53 Paxton Drive,0563006710,465583,83620,dVyRihLTGV,ray.caan@sysconmedia.nl
505195712,Wes Baker,92 Magstadt Road,0530214549,324643,32495,astMfllgrS,wes.baker@sunstream.it
713053731,Art Spector,1 Drew Street,0553695845,441766,88617,jFCRkuplRl,art.spector@irissoftware.com
639664795,Liv Melvin,61st Street,0578949422,255551,35881,ZETtJKfeuG,liv.melvin@waltdisney.se
715395584,Mili LuPone,41 Jean-Claude Street,0555860025,308820,29513,MyaOaylamv,mili.lupone@printcafesoftware.
116303908,Winona Whitaker,59 Marley Drive,0501363422,415005,31637,hYPvBafhbp,wwhitaker@tilsonhr.com
136649947,Rascal Perez,45 Uggams Blvd,0564369043,161122,46149,LuKHTWnrJt,rascal.perez@advancedneuromodu
126539544,Robbie MacLachlan,923 Udo Blvd,0561875554,481726,36061,FpqfnGmBdf,rmaclachlan@printingforlesscom
361403766,Cameron Janney,52 Kate Road,0530490160,372725,28857,DNpxEIBRlj,cameronj@elitemedical.jp
307242173,Mary Cantrell,65 Orleans,0521661152,238946,43395,wuPwNByzTK,m.cantrell@sci.fr
266019707,Cameron Page,91 Peet Street,0524011158,227514,27095,FbrYVnaDvx,cameron.p@knightsbridge.uk
112615906,Jodie McCain,65 Dorn Road,0527247721,401076,46008,ULjUuJSfLi,jodie.mccain@elite.com
303844514,Courtney Mann,2 Belles,0568750528,235243,58081,CzfPZSYTil,c.mann@news.dk
242441758,Vince Raye,81 Charles Road,0583271931,318472,78093,wRllpvCZUb,vincer@benecongroup.com
912193291,Bette Sandler,67 Neuwirth Street,0577788963,137292,29067,PjWUSUwdon,bsandler@genextechnologies.pt
899397565,Lea Salt,5 Garr Drive,0502479570,262770,43221,wAvOhnsoNc,lsalt@mindworks.nl
302597104,Gerald Lineback,92 Nancy Street,0566413220,438572,60090,XIdPMgGxWN,gerald.lineback@chipssolutions
693900254,Mickey Depp,95 Salonga Blvd,0553045777,227096,19816,oTVqApilMW,mickey.depp@amerisourcefunding
609876228,Queen Adler,34 Davidson Drive,0584208882,41726,40538,eEVERSQKvY,queen.adler@capitalbank.ar
888500354,Fred McAnally,40 Masur Drive,0550081748,95654,78895,QbNFttBbid,fred@air.at
368934617,Vanessa Pleasence,13rd Street,0582700589,216833,98421,mDKIjBhrkm,vanessa.pleasence@wyeth.my
502815898,Nikki Twilley,62nd Street,0536676535,402844,16589,wUJsHzpsgw,n.twilley@capitalautomotive.ch
987873783,Bret Begley,72nd Street,0528872623,521051,41915,QoUJBLjmzU,b.begley@gapinc.au
315617543,Tilda Fox,38 Williamson Ave,0587852821,433804,24642,sUWLAcnTCO,t.fox@gra.com
629660171,Clarence Fiorentino,91 Sheena Road,0573713835,494967,39778,ADfaSgHpKY,c.fiorentino@nissanmotor.de
691704025,Hazel Lynch,100 Hayek,0531645274,374454,6570,pNXMWRPzUk,hazell@fmi.fi
567913128,Patricia Union,73 Gabrielle Street,0502607185,150686,20880,kPeaESziPQ,patricia.union@authoria.ch
274184784,Radney Portman,46 Bernex Drive,0548909049,252556,89154,vZjQHIMxjm,radney@refinery.com
212915136,Miranda Bush,9 Herbie Drive,0566739840,378372,69061,PNYNmAryYu,miranda.bush@circuitcitystores
293600579,Patricia Broza,100 Armin Street,0504696431,116659,4652,iQjXcbYuvz,patricia.broza@wrgservices.de
754731154,Ryan O'Keefe,75 Ferry Road,0501599848,440070,54777,AeRbteYSZL,ryan.okeefe@doraldentalusa.com
673200259,Mint Popper,55 Hannah Drive,0562510453,383585,83244,hrUiyQIQKe,m.popper@wrgservices.jp
548924174,Mindy Washington,97 Mekhi Drive,0582036257,28508,3349,pnYNmNzyos,mindy@whitewave.de
763807199,Roddy Yankovic,58 Voight Drive,0594129097,59887,33333,wmKAEEeEqG,roddy.yankovic@americanpan.com
830819958,Willem Tate,81 Driver Drive,0525485303,352924,25817,DgxKBlFxds,willem.tate@csi.com
589604512,Bebe Rebhorn,191 Pompeia Road,0546559917,23766,23562,OzGRtLLZxb,bebe.rebhorn@privatebancorp.uk
800514478,Teri Cleary,53rd Street,0551005853,72569,23062,ZwTGmZgHri,teri.cleary@royalgold.se
627111059,Hilary Malone,93 Bergen Road,0529569967,253301,23929,xkICAHINLO,hilary.malone@refinery.com
794136353,Andrea Llewelyn,46 Westport Street,0545311222,320425,77999,QbpnAGOYBy,andrea.llewelyn@freedommedical
178051317,Gilberto Durning,58 Reed Drive,0502403577,73922,72257,ijEGRFCZGr,g.durning@portosan.com
595282284,Joy Meniketti,49 Oakenfold Drive,0574334274,229287,33675,vrbPyuqDuD,jmeniketti@digitalmotorworks.c
461286170,Hilton Pressly,18 Tori Road,0558393319,504617,82118,JgUNsqPiWr,hilton.pressly@hewlettpackard.
243147104,Chris Spacey,41 Elizabeth Ave,0543204726,391210,45409,WUiJRAAxEg,chris.spacey@gsat.pl
307461766,Albert Jeffreys,27 Callow Drive,0501216071,299632,89815,ZWuJQSuHhC,albert.jeffreys@bigdoughcom.co
425972612,Campbell Hyde,205 Warrenton Blvd,0581936222,60459,1638,EYSoZtdawA,campbellh@americanland.com
465575452,Cloris Hersh,6 Valentin,0511264569,131229,95784,wbXPFyDGVP,cloris.hersh@asapstaffing.com
708972805,Nina MacDowell,15 Christine,0567039245,294803,42122,ZzdwcxThpg,ninam@lydiantrust.au
155087963,Greg McGriff,94 Farris Street,0533460862,335116,49980,bSIddVRYXU,greg.mcgriff@fam.com
914699254,Eugene Conlee,65 Brolin Street,0504496046,306158,32581,gcAmHBZDdO,eugene.conlee@trainersoft.com
388990382,Rowan Duchovny,830 Redhill Street,0583185925,21059,52226,mXqFuefdZc,rowan@creditorsinterchange.ch
471812892,Jude Newman,12 Cameron Road,0580853720,125307,30707,aDWSCfxhHf,juden@capitalautomotive.nl
156833464,Night Carradine,1 Ferraz  vasconcelos Drive,0551378218,477058,84853,tQZmiCoukN,nightc@hudsonriverbancorp.com
370048279,Salma Pride,43rd Street,0586258385,405760,8889,rIFeCLZeVQ,salmap@venoco.com
867727528,Terrence Kelly,3 Starr Road,0506013341,191930,27508,GsMUcaSmUl,tkelly@officedepot.com
275104103,Nicole Mirren,9 Blacksburg Drive,0555025964,229952,94851,DETayAZkgD,nicole.mirren@lloydgroup.com
782462831,Kathleen Krumholtz,15 Spiner Street,0581844914,318554,60930,nfxleVuQZc,kathleen@vms.com
107755377,Philip Stevens,46 Edmonton Drive,0534085947,229856,94084,vjJjTzEKdb,philips@smi.nc
253059373,Kenny Condition,70 Logue Ave,0540863760,81086,94211,jHlirITCuw,kenny.condition@gha.pt
617810491,Samantha Roundtree,17 Brothers Blvd,0585113393,464869,82909,VWFLrwNjCR,samantha.r@granitesystems.au
677274140,Beverley Def,60 Whitford Road,0566144079,267677,21015,PZAOkHbwir,bdef@hotmail.com
900804627,Harrison LaMond,88 Polito Street,0544162029,119283,66247,VEctgzFssq,harrisonl@abatix.com
422022519,Cherry Whitman,66 Meryl Drive,0510692309,39242,74171,ksKaYeiKug,cherry@questarcapital.de
494577931,Patrick Nunn,89 Mirren,0573259911,233375,15510,tVKfnAkTdI,patrick.nunn@refinery.com
853698728,Juice Payne,943 Richards Road,0505715955,329920,144,gsYkXUPwNh,juice.payne@lifelinesystems.uk
283839508,Jamie Weir,16 Arturo Road,0562055546,98270,39653,YfsITHBrHc,jamie.weir@mcdonalds.fr
450345959,Shannyn Curfman,89 Kaunas Drive,0563175132,139918,89022,xVZWnCChUy,scurfman@swp.com
994357756,Sheryl Krumholtz,528 Busta Street,0582345402,218262,38434,QwaLZcBQeR,sheryl.krumholtz@swp.za
539593224,Kate Parish,32nd Street,0560965017,379369,68192,iDvutovIWm,kate.parish@gentrasystems.jp
237926402,Jarvis Theron,94 Claude Road,0536102121,123990,88015,VOorKqYnVZ,jarvis.t@stonetechprofessional
373107734,Todd Leto,86 Gore Street,0576078433,382688,53419,CmVAFLRAcX,todd.leto@hcoa.com
142901643,Sara Everett,100 Piacenza Drive,0595054379,108447,2499,beELMGUUWp,sara.everett@mai.au
901549877,Donal Harris,300 Freda Blvd,0585167187,303342,92693,TfZWDTSmWu,donal.harris@boldtechsystems.c
665947088,Patrick Thomas,29 Gabriel Road,0538444775,257683,47399,rcMvOccgyI,patrick.thomas@gagwear.com
788564431,Millie Molina,41 Garr Street,0575298596,14355,75336,yLIEfwFonY,m.molina@exinomtechnologies.co
132383180,Jonny Hurley,52 Bugnon Street,0516421362,512421,79962,RPlkHYOnjB,jonny.hurley@cws.uk
678750889,Kim Alexander,90 Goteborg Drive,0501724316,484338,24186,jfplduYzyQ,kim.alexander@aquascapedesigns
459099165,Jodie Balk,15 Farrow Street,0573028194,305406,57288,BqFXYtCJPZ,j.balk@hersheyfoods.com
307981381,Ronnie Orton,920 Reeve Ave,0543424420,463486,87131,xJwCnjDPyQ,ronnie.orton@perfectorder.com
748856107,Debi Winger,36 Fender Road,0596007705,263728,13506,BVNyQmCTye,debi.winger@atg.com
695933917,Ice Torino,23 Sarsgaard Road,0570521389,476178,88393,UrWSTqmeDX,itorino@royalgold.de
408429919,Armin McIntosh,94 Fehr Drive,0538923977,412684,786,kZTyMGSxaE,armin.mcintosh@navigatorsystem
639570205,Nicolas Bentley,659 Wayman Road,0501520363,422301,85216,qQxehJkniE,nicolas.bentley@shar.ca
780469808,Kenneth Biggs,82 Sainte-Marie Road,0500528094,314274,6388,ZTtmUrRsDS,kenneth.biggs@monitronicsinter
412832095,Sandra Spine,37 Kirk Street,0562819097,186068,95564,yxdXZVDeLk,sandra.spine@nmr.de
473339018,Curtis Atkins,255 Conners Road,0555974839,162729,55076,YsatoILyAT,curtisa@scooterstore.uk
912041975,Ike Gibson,35 Terence Drive,0543667595,271301,61205,PAxVlcHEFr,i.gibson@americanmegacom.pl
201035026,Kay Eldard,62 Mclean Drive,0548693211,339009,17534,mxtRMzgyRO,kaye@calence.jp
551337711,Angelina Wakeling,75 Kingsley Blvd,0579566536,381820,193,HalAxMymWh,angelina.wakeling@pacificdatad
848092936,Alice Flanery,96 San Antonio Road,0599475617,420055,90239,ZNgkRUqdOX,alicef@pulaskifinancial.ca
210698618,Barbara McGriff,67 Sandra,0543334926,136638,73507,wXquNRiRfe,barbaram@terrafirma.pl
193253321,Charles Bedelia,74 Vilnius Road,0544836502,340938,43635,PaSTaGSNni,charles@nobrainerblindscom.in
375920012,Carlene Lucien,71 Mitra Street,0527031371,100619,38985,ZUKhmyQsgr,carlene.lucien@neogen.com
389561639,Chet Morrison,751 Presley Road,0562711861,115215,15592,gglokynNEv,chet.morrison@lfg.com
876516219,Edwin Beatty,461 Fehr Road,0533331302,282841,63727,DpwdBwntjp,edwin.beatty@faef.com
244014561,Natascha Burke,441 Puckett Street,0529591300,347945,23815,cwaDUMBHOF,nataschab@columbiabancorp.com
827812794,Hilary Van Der Beek,94 Hunter Drive,0551100843,346904,14597,teXMWcNRRY,hilary.vanderbeek@globalwirele
850243011,Morgan Liu,72 Hurt Street,0537582632,111371,37592,FGLfMYXCjL,morganl@meridiangold.com
933769801,Tilda Garber,2 Affleck Street,0554877996,294318,43685,PRbEVWdVvv,tilda.garber@questarcapital.co
640201440,Pierce Firth,72 El-Saher Road,0582160660,224393,66105,bdbkuVpVlm,pierce.firth@aquascapedesigns.
992724650,Sona Renfro,12 Dearborn Drive,0501651274,448914,78689,ADXfMCHfDV,sona.renfro@smartronix.ca
358987417,Natacha Wells,89 Kiefer Road,0581775509,220428,97628,woZRHeLyFM,n.wells@shirtfactory.hk
674256499,Malcolm Church,20 Itu Street,0580480864,241779,44391,sXVJzJscuN,malcolm@priorityleasing.uk
331396937,Joan Harper,87 Durning Drive,0572176025,153303,61767,FpadxhExbO,joanh@chhc.ca
906930623,Sarah Fehr,3 France Road,0599179686,90983,55097,YJhCVPfHxR,sarah.f@meritagetechnologies.c
189723881,Domingo Torino,91 Tim Ave,0513422184,336548,75203,EXIcAmRIzI,domingo.torino@gdi.uk
356569940,Fred LuPone,71 Henriksen Ave,0502940907,31703,38531,DXhniNccEG,f.lupone@meridiangold.mx
710337891,Max Gunton,69 Bonneville Street,0513243109,174453,80264,oIFFKPaXpS,max@learningvoyage.au
789404947,Merillee Manning,37 Bailey Street,0517228247,466919,40080,LRKNhTevtP,merillee@printtech.com
569677299,Samantha Walken,12nd Street,0500560923,235719,57767,uMewHcjHEb,samantha.walken@inspirationsof
635347400,Scarlett McGovern,70 Nicosia Street,0584848221,248453,15563,WaQjCJoMxA,scarlett.mcgovern@sci.com
894677264,Danni Robards,9 Salonga Street,0594766640,504976,56826,UsQfiaxvGE,danni.robards@webgroup.com
206180745,Kirk Busey,13 Terry Road,0522559950,368759,71215,sKElAmCBGS,kirk.busey@dis.com
534787520,Wayman Roy Parnell,225 Penders Street,0538957898,215819,80346,wmugHhTQks,wroyparnell@benecongroup.ca
424094871,Rascal Gagnon,23 Hohenfels Road,0528228705,102395,47798,lWDGZFqbWE,rgagnon@terrafirma.be
687172689,Morgan Speaks,59 Chaka Street,0557713820,322589,42114,ZXNeirDdhk,morgan.speaks@yashtechnologies
647847654,Cornell Winslet,22 Spike Street,0509628266,317790,6233,QXqRBoOOWR,cornell.winslet@employerservic
241842563,Andy Cattrall,31 Zurich Drive,0570104609,94559,79583,RQdoPxuuRR,andy.cattrall@banfeproducts.co
464857534,Giovanni Garfunkel,46 Bozeman Road,0520625920,482832,72725,XqogmaVTVx,giovanni.garfunkel@aoltimewarn
560357041,Salma Leigh,19 Simon Road,0565374819,223925,3423,bIjIehkVAK,salma.l@lifelinesystems.com
582327130,Jeff Griffin,58 Gibbons Road,0509488891,413368,73619,nHGnlPKuxr,jeff.griffin@columbiabancorp.c
256414545,Larenz Capshaw,481 Plimpton Road,0541509069,400915,15754,LLlzZdnZbp,larenz@floorgraphics.mx
307256280,Collective Biel,51 Ozzy Drive,0538279914,450610,19786,eYSACAfhRn,collective@slt.com
299347574,Jaime Kilmer,86 Jessee Blvd,0527008711,378631,53365,KGhXjBaTIS,j.kilmer@prosperitybancshares.
443568453,Eddie Bonneville,50 Tucker Street,0522228734,30368,54070,MWjQxyNVUA,eddie.bonneville@universalsolu
348392252,Davis Barnett,89 Bancroft,0522503871,364247,97627,PdqLglQTue,davis.barnett@dps.com
393680417,Sam Visnjic,93 Rhymes Ave,0583986899,493950,37896,bPuwIREAgF,s.visnjic@hitechpharmacal.com
102717015,Joe Weber,94 Vonda Drive,0557542108,304069,3651,fUNTLxZcjQ,joe.weber@benecongroup.com
460469365,Antonio Romijn-Stamos,82 Roth Road,0540972555,114051,32606,UnMgvDnDLC,antonio.romijnstamos@carteretm
534297323,Larry Biggs,11 Barnett Street,0506386942,344121,10589,DqpIkGVEGW,larry.biggs@arkidata.it
620952387,Lennie Boorem,68 Swinton Drive,0540404479,386053,29944,XZIhJdmERb,lennieb@gsat.de
800132377,Walter Bryson,1 MacDowell Street,0505464110,57491,37431,fyRVgdGxVF,walter.bryson@paisley.be
559807294,Millie Mitra,97 Black Blvd,0507534461,458189,28328,IsnHPwOHmF,m.mitra@connected.de
659393475,Dorry Trejo,49 Byrd Street,0565760580,372099,43684,NdaGXZkIyj,dorry.t@egroup.lt
251237034,Julie Francis,523 Braintree Street,0579507158,43478,16002,CXGqOUHEdj,julie.f@csi.br
770643987,Thin Orton,28 Galecki Road,0556466532,498995,35226,YEUcmGLFGv,thin.orton@fmb.com
689219891,Warren Tinsley,62 Martha Road,0524299678,200437,56542,SxgKZyqabX,warren.tinsley@fpf.de
348790328,Johnny Lunch,34 Conners Road,0534972894,59709,39315,gviHQGqAhD,johnnyl@bashen.com
734778886,Mandy Sweet,16 Rua eteno Street,0541670637,280124,97503,jNMKYkhXLJ,mandy.s@safehomesecurity.br
146575324,Tea Watson,5 Laurie Blvd,0577086015,91108,12751,bgMLQUWkzd,tea.watson@navigatorsystems.de
418056039,Emily Horton,39 Chambers Street,0551496297,181481,3741,TLNoDwkctm,emily.horton@deutschetelekom.c
806668879,Cate Lavigne,15 Quentin Road,0522027397,114018,75337,tofRLumqpg,cate.lavigne@surmodics.uk
214404492,Allison DiBiasio,10 Farris Ave,0571887095,267605,36100,xgBOIEvfTO,allison.dibiasio@berkshirehath
836710736,Gordon Jessee,83 Roundtree Ave,0539948450,439976,41825,tdaDkMvCwx,gordonj@contract.pt
885223810,Uma Fraser,81 Loveless Drive,0572650803,149395,11934,RIZYzjoPnb,uma.f@wendysinternational.com
